dataset,model,acc,auroc,brier,ece
big-math-digits,Qwen2.5-3B-Instruct,0.522,0.5637514227544526,0.464219,0.4676000000000002
big-math-digits,Qwen2.5-7B-Instruct,0.614,0.5523873014801438,0.37892539999999997,0.38118
big-math-digits,RLCR-math-Qwen2_5-3B-Instruct,0.63,0.7791655941655942,0.1804025,0.12004999999999992
big-math-digits,RLCR-math-Qwen2_5-3B-Instruct-std,0.599,0.8173431196632792,0.18536057877577877,0.15598566566566657
big-math-digits,SMCR-math-Qwen2_5-3B-Instruct,0.603,0.8029249219895485,0.19165035566666672,0.188307
big-math-digits,SMCR-math-Qwen2_5-3B-Instruct-std,0.615,0.7818287403653259,0.21092440533,0.20380669999999995
big-math-digits,SMCR-math-Qwen2_5-7B-Instruct,0.706,0.7609580659459251,0.18632839999999998,0.18315999999999996
commonsenseqa,Qwen2.5-3B-Instruct,0.8607698607698607,0.6194436670957632,0.12761875511875512,0.11592956592956599
commonsenseqa,Qwen2.5-7B-Instruct,0.8869778869778869,0.6851907610368407,0.10002457002457002,0.07534807534807533
commonsenseqa,RLCR-hotpot-Qwen2_5-3B-Instruct-std,0.85995085995086,0.7004204956836535,0.1953462358722359,0.21305978705978712
commonsenseqa,RLCR-math-Qwen2_5-3B-Instruct,0.8542178542178542,0.7051719865987268,0.1655692055692056,0.22669942669942675
commonsenseqa,RLCR-math-Qwen2_5-3B-Instruct-std,0.864045864045864,0.7398332667161538,0.22553820183820264,0.28558285476385487
commonsenseqa,SMCR-hotpot-Qwen2_5-3B-Instruct,0.8828828828828829,0.6987947117817247,0.19725225225225226,0.30540540540540545
commonsenseqa,SMCR-hotpot-Qwen2_5-3B-Instruct-only-brier,0.8468468468468469,0.709882704620445,0.3007350532350532,0.42321867321867324
commonsenseqa,SMCR-hotpot-Qwen2_5-3B-Instruct-only-brier-std,0.864045864045864,0.7006423799463256,0.3003900081900082,0.3455200655200655
commonsenseqa,SMCR-hotpot-Qwen2_5-3B-Instruct-scale-weight,0.8796068796068796,0.7342726662359542,0.27123464373464373,0.4156838656838656
commonsenseqa,SMCR-hotpot-Qwen2_5-3B-Instruct-std,0.8746928746928747,0.7465851509142983,0.1741023751023751,0.2095986895986896
commonsenseqa,SMCR-math-Qwen2_5-3B-Instruct,0.8656838656838657,0.7132502249809631,0.4115313225175344,0.42334698356577033
commonsenseqa,SMCR-math-Qwen2_5-3B-Instruct-std,0.7706797706797707,0.5864790496432367,0.4542821479279279,0.4790113022113024
commonsenseqa,SMCR-math-Qwen2_5-7B-Instruct,0.24897624897624898,0.6653471704069334,0.33194594594594595,0.315986895986896
gpqa,Qwen2.5-3B-Instruct,0.44642857142857145,0.4964415322580645,0.5152209575892857,0.5152165178571428
gpqa,Qwen2.5-7B-Instruct,0.47544642857142855,0.531045849565478,0.481640625,0.4810267857142857
gpqa,RLCR-hotpot-Qwen2_5-3B-Instruct-std,0.3861607142857143,0.5308250131371518,0.41665292708581353,0.34930215773809514
gpqa,RLCR-math-Qwen2_5-3B-Instruct,0.39285714285714285,0.5556379512032085,0.3215770089285715,0.28386160714285713
gpqa,RLCR-math-Qwen2_5-3B-Instruct-std,0.39285714285714285,0.5556379512032085,0.3215770089285715,0.28386160714285713
gpqa,SMCR-hotpot-Qwen2_5-3B-Instruct,0.3950892857142857,0.5582066837617528,0.25128660714285717,0.09848214285714285
gpqa,SMCR-hotpot-Qwen2_5-3B-Instruct-only-brier,0.41964285714285715,0.534349427168576,0.259198875,0.11539285714285713
gpqa,SMCR-hotpot-Qwen2_5-3B-Instruct-only-brier-std,0.39955357142857145,0.5554401777740856,0.31260567857142857,0.2522053571428571
gpqa,SMCR-hotpot-Qwen2_5-3B-Instruct-scale-weight,0.390625,0.5063212977498692,0.25543839285714287,0.1020535714285714
gpqa,SMCR-hotpot-Qwen2_5-3B-Instruct-std,0.39955357142857145,0.5166144005316607,0.33904393602189387,0.256978962797619
gpqa,SMCR-math-Qwen2_5-3B-Instruct,0.38169642857142855,0.5248379673612431,0.36503877976190474,0.3630357142857142
gpqa,SMCR-math-Qwen2_5-3B-Instruct-std,0.34598214285714285,0.515644610811406,0.32133392868303573,0.3049988839285715
gpqa,SMCR-math-Qwen2_5-7B-Instruct,0.19642857142857142,0.5229482323232324,0.26865357366071435,0.261203125
gsm8k,Qwen2.5-3B-Instruct,0.7338893100833965,0.5364204398295307,0.2608984078847612,0.2616376042456406
gsm8k,Qwen2.5-7B-Instruct,0.8051554207733131,0.5102497307041263,0.19441243366186506,0.19446550416982555
gsm8k,RLCR-hotpot-Qwen2_5-3B-Instruct-std,0.7808946171341926,0.5503695367353109,0.2048435324958166,0.20783477464220446
gsm8k,RLCR-math-Qwen2_5-3B-Instruct,0.8627748294162244,0.5981803881967978,0.13882486732373012,0.18536770280515522
gsm8k,RLCR-math-Qwen2_5-3B-Instruct-std,0.846095526914329,0.7738404223387537,0.10500129727908347,0.09816022239070006
gsm8k,SMCR-hotpot-Qwen2_5-3B-Instruct,0.6853677028051555,0.6417248640580019,0.20162888551933283,0.05188021228203192
gsm8k,SMCR-hotpot-Qwen2_5-3B-Instruct-only-brier,0.7369219105382866,0.628915098255476,0.20057073540561035,0.11811978771796808
gsm8k,SMCR-hotpot-Qwen2_5-3B-Instruct-only-brier-std,0.7437452615617892,0.695020477836286,0.18906027985343926,0.1541232927042632
gsm8k,SMCR-hotpot-Qwen2_5-3B-Instruct-scale-weight,0.7391963608794542,0.7306827668455576,0.20482843065248296,0.20331298332069747
gsm8k,SMCR-hotpot-Qwen2_5-3B-Instruct-std,0.7740712661106899,0.6432041228168199,0.1927834971981058,0.17725380326246534
gsm8k,SMCR-math-Qwen2_5-3B-Instruct,0.8514025777103866,0.6747846511712432,0.1099958499705164,0.10970760677280776
gsm8k,SMCR-math-Qwen2_5-3B-Instruct-std,0.8574677786201668,0.7254265665857741,0.10125254854435177,0.0959777862016678
gsm8k,SMCR-math-Qwen2_5-7B-Instruct,0.9037149355572404,0.5723491254029488,0.0864303260045489,0.08645943896891585
hotpot-eval-em,Qwen2.5-3B-Instruct,0.302,0.6803449780830756,0.5117301999999999,0.5225799999999999
hotpot-eval-em,Qwen2.5-7B-Instruct,0.342,0.5567642510531648,0.6260950000000001,0.6345000000000002
hotpot-eval-em,RLCR-hotpot-Qwen2_5-3B-Instruct-std,0.402,0.7993394232849133,0.22354050600059605,0.2138939999970197
hotpot-eval-em,SMCR-hotpot-Qwen2_5-3B-Instruct,0.424,0.7888004454926625,0.18610500000000002,0.05009999999999997
hotpot-eval-em,SMCR-hotpot-Qwen2_5-3B-Instruct-only-brier,0.334,0.7844581108054162,0.17487,0.03060000000000006
hotpot-eval-em,SMCR-hotpot-Qwen2_5-3B-Instruct-only-brier-std,0.328,0.8069468641114983,0.21214680002,0.19063979999999997
hotpot-eval-em,SMCR-hotpot-Qwen2_5-3B-Instruct-scale-weight,0.424,0.784386464884696,0.18588000000000002,0.02560000000000007
hotpot-eval-em,SMCR-hotpot-Qwen2_5-3B-Instruct-std,0.432,0.792017149191445,0.24508937401999997,0.23256580000000002
hotpot-vanilla-eval-em,Qwen2.5-3B-Instruct,0.459,0.5598383530861513,0.5002526,0.50314
hotpot-vanilla-eval-em,Qwen2.5-7B-Instruct,0.449,0.5235308145950468,0.5431775,0.5461500000000001
hotpot-vanilla-eval-em,RLCR-hotpot-Qwen2_5-3B-Instruct-std,0.586,0.6282604573708596,0.31509627800000006,0.29757200000000006
hotpot-vanilla-eval-em,RLCR-math-Qwen2_5-3B-Instruct,0.491,0.6336493023739693,0.23840679999999997,0.04312000000000005
hotpot-vanilla-eval-em,RLCR-math-Qwen2_5-3B-Instruct-std,0.448,0.6757590094461697,0.29450012222222227,0.25001
hotpot-vanilla-eval-em,SMCR-hotpot-Qwen2_5-3B-Instruct,0.586,0.6389507180425713,0.2344575,0.06254999999999997
hotpot-vanilla-eval-em,SMCR-hotpot-Qwen2_5-3B-Instruct-only-brier,0.486,0.6449416342412452,0.24280249999999998,0.09255000000000005
hotpot-vanilla-eval-em,SMCR-hotpot-Qwen2_5-3B-Instruct-only-brier-std,0.481,0.6814299848981928,0.3126195,0.28549000000000013
hotpot-vanilla-eval-em,SMCR-hotpot-Qwen2_5-3B-Instruct-scale-weight,0.592,0.6451398549284578,0.23636500000000002,0.08880000000000003
hotpot-vanilla-eval-em,SMCR-hotpot-Qwen2_5-3B-Instruct-std,0.607,0.6532334804716811,0.29614844201,0.26719190000000004
hotpot-vanilla-eval-em,SMCR-math-Qwen2_5-3B-Instruct,0.423,0.5844098643427528,0.35516019400000004,0.3468059999999999
hotpot-vanilla-eval-em,SMCR-math-Qwen2_5-3B-Instruct-std,0.464,0.6496859720792588,0.3399489044100001,0.31960590000000005
hotpot-vanilla-eval-em,SMCR-math-Qwen2_5-7B-Instruct,0.418,0.6264777454413917,0.4281758,0.42962
math-500,Qwen2.5-3B-Instruct,0.516,0.5463034146966493,0.47235620070861684,0.4747645238095237
math-500,Qwen2.5-7B-Instruct,0.6,0.5058666666666667,0.39886,0.399
math-500,RLCR-hotpot-Qwen2_5-3B-Instruct-std,0.546,0.5894127898533185,0.38857222216453524,0.3857481714285715
math-500,RLCR-math-Qwen2_5-3B-Instruct,0.522,0.7670049215280784,0.19610244999999998,0.09436999999999988
math-500,RLCR-math-Qwen2_5-3B-Instruct-std,0.514,0.7959039887271622,0.21341509150617285,0.19889244444444437
math-500,SMCR-hotpot-Qwen2_5-3B-Instruct,0.502,0.7249475991615866,0.23630725200987654,0.15086284444444448
math-500,SMCR-hotpot-Qwen2_5-3B-Instruct-only-brier,0.484,0.6933820231917484,0.22944844660987654,0.0940892444444445
math-500,SMCR-hotpot-Qwen2_5-3B-Instruct-only-brier-std,0.444,0.7600946270011018,0.23760510078,0.20704820000000007
math-500,SMCR-hotpot-Qwen2_5-3B-Instruct-scale-weight,0.506,0.7405066329551455,0.20852358592,0.07151279999999997
math-500,SMCR-hotpot-Qwen2_5-3B-Instruct-std,0.57,0.6819012647898817,0.2812932083499569,0.24075501538461536
math-500,SMCR-math-Qwen2_5-3B-Instruct,0.504,0.815420186891961,0.20513799472630012,0.20548563896103889
math-500,SMCR-math-Qwen2_5-3B-Instruct-std,0.476,0.784230867919687,0.23900901144000003,0.23111280000000006
math-500,SMCR-math-Qwen2_5-7B-Instruct,0.574,0.7558031113510331,0.213697,0.20809999999999998
simpleqa,Qwen2.5-3B-Instruct,0.09292649098474341,0.5910629066695068,0.7050829172445677,0.7265580212667592
simpleqa,Qwen2.5-7B-Instruct,0.1183541377716135,0.6089064343536968,0.7079160887656034,0.7672676837725382
simpleqa,RLCR-hotpot-Qwen2_5-3B-Instruct-std,0.042764678687008784,0.8467245801706077,0.09193014840499307,0.09087563569116967
simpleqa,RLCR-math-Qwen2_5-3B-Instruct,0.09315765141007859,0.6013555610514818,0.2592255432269995,0.3597156726768377
simpleqa,RLCR-math-Qwen2_5-3B-Instruct-std,0.07975034674063801,0.673908674901434,0.17057714547696126,0.17756819209431346
simpleqa,SMCR-hotpot-Qwen2_5-3B-Instruct,0.11049468331021729,0.5975029684496213,0.24309119278779479,0.3268955154877485
simpleqa,SMCR-hotpot-Qwen2_5-3B-Instruct-only-brier,0.08622283865002311,0.6866478711997336,0.12693770226537215,0.1621937124364309
simpleqa,SMCR-hotpot-Qwen2_5-3B-Instruct-only-brier-std,0.03582986592695331,0.8674016442254894,0.04283049052242256,0.03910957004160888
simpleqa,SMCR-hotpot-Qwen2_5-3B-Instruct-scale-weight,0.1010171058714748,0.642793468404989,0.1510916551086454,0.19076514100785943
simpleqa,SMCR-hotpot-Qwen2_5-3B-Instruct-std,0.09986130374479889,0.5949537750385208,0.2757406907096625,0.2750882801664355
simpleqa,SMCR-math-Qwen2_5-3B-Instruct,0.07350901525658807,0.5485079369562761,0.141347717953685,0.14797048837913288
simpleqa,SMCR-math-Qwen2_5-3B-Instruct-std,0.09500693481276005,0.5727671038770964,0.18488599410540915,0.20030379103097548
simpleqa,SMCR-math-Qwen2_5-7B-Instruct,0.10679611650485436,0.5713120557841055,0.5217418862713824,0.5203559639389735
trivia,Qwen2.5-3B-Instruct,0.482,0.5813689541645973,0.46800755,0.473095
trivia,Qwen2.5-7B-Instruct,0.5805,0.576300279546115,0.40117125,0.40572499999999995
trivia,RLCR-hotpot-Qwen2_5-3B-Instruct-std,0.483,0.7384256200167393,0.267132833,0.23964199999999997
trivia,RLCR-math-Qwen2_5-3B-Instruct,0.5075,0.6589027531194519,0.23260749999999997,0.09764000000000006
trivia,RLCR-math-Qwen2_5-3B-Instruct-std,0.49,0.7740511204481793,0.22641524344444597,0.17453666516666672
trivia,SMCR-hotpot-Qwen2_5-3B-Instruct,0.5025,0.717470436760919,0.23443,0.14059999999999995
trivia,SMCR-hotpot-Qwen2_5-3B-Instruct-only-brier,0.466,0.7544651468389836,0.20033624999999997,0.024274999999999988
trivia,SMCR-hotpot-Qwen2_5-3B-Instruct-only-brier-std,0.45,0.8410535353535353,0.18677485000000002,0.14221500000000006
trivia,SMCR-hotpot-Qwen2_5-3B-Instruct-scale-weight,0.5155,0.7379341547226884,0.20769125000000002,0.02737499999999997
trivia,SMCR-hotpot-Qwen2_5-3B-Instruct-std,0.5035,0.7004658228253184,0.289524452005,0.2555589500000001
trivia,SMCR-math-Qwen2_5-3B-Instruct,0.472,0.7217965539933232,0.27422350243865085,0.2596451501983907
trivia,SMCR-math-Qwen2_5-3B-Instruct-std,0.4955,0.7219209755990236,0.27242365288500003,0.23755615
trivia,SMCR-math-Qwen2_5-7B-Instruct,0.516,0.6529886603882376,0.33926475,0.336225
